{
	"partitions" : [
		{
			"name" : "Top",
			"pins" : [
				{
					"name" : "BusWire[0]",
					"strict" : false
				},
				{
					"name" : "BusWire[1]",
					"strict" : false
				},
				{
					"name" : "BusWire[2]",
					"strict" : false
				},
				{
					"name" : "BusWire[3]",
					"strict" : false
				},
				{
					"name" : "BusWire[4]",
					"strict" : false
				},
				{
					"name" : "BusWire[5]",
					"strict" : false
				},
				{
					"name" : "BusWire[6]",
					"strict" : false
				},
				{
					"name" : "BusWire[7]",
					"strict" : false
				},
				{
					"name" : "BusWire[8]",
					"strict" : false
				},
				{
					"name" : "Done",
					"strict" : false
				},
				{
					"name" : "PClock",
					"strict" : false
				},
				{
					"name" : "Resetn",
					"strict" : false
				},
				{
					"name" : "Run",
					"strict" : false
				},
				{
					"name" : "MClock",
					"strict" : false
				}
			]
		}
	]
}