{
	"partitions" : [
		{
			"name" : "Top",
			"pins" : [
				{
					"name" : "ledr[0]",
					"strict" : false
				},
				{
					"name" : "ledr[1]",
					"strict" : false
				},
				{
					"name" : "ledr[2]",
					"strict" : false
				},
				{
					"name" : "ledr[3]",
					"strict" : false
				},
				{
					"name" : "ledr[4]",
					"strict" : false
				},
				{
					"name" : "ledr[5]",
					"strict" : false
				},
				{
					"name" : "ledr[6]",
					"strict" : false
				},
				{
					"name" : "ledr[7]",
					"strict" : false
				},
				{
					"name" : "ledr[8]",
					"strict" : false
				},
				{
					"name" : "ledr[9]",
					"strict" : false
				},
				{
					"name" : "switch[0]",
					"strict" : false
				},
				{
					"name" : "switch[1]",
					"strict" : false
				},
				{
					"name" : "switch[2]",
					"strict" : false
				},
				{
					"name" : "switch[3]",
					"strict" : false
				},
				{
					"name" : "switch[4]",
					"strict" : false
				},
				{
					"name" : "switch[5]",
					"strict" : false
				},
				{
					"name" : "switch[6]",
					"strict" : false
				},
				{
					"name" : "switch[7]",
					"strict" : false
				},
				{
					"name" : "switch[8]",
					"strict" : false
				},
				{
					"name" : "key[1]",
					"strict" : false
				},
				{
					"name" : "key[0]",
					"strict" : false
				},
				{
					"name" : "switch[9]",
					"strict" : false
				}
			]
		}
	]
}